batch,cell_id,cycle_life,policy,first_C,second_C,avg_charging_speed_to_80_C,target_valid,reached_eol_0.88Ah
Batch 1,0,1190.0,3.6C(80%)-3.6C,3.6,3.6,3.6,False,False
Batch 1,1,1179.0,3.6C(80%)-3.6C,3.6,3.6,3.6,False,False
Batch 1,2,1177.0,3.6C(80%)-3.6C,3.6,3.6,3.6,False,False
Batch 1,3,1226.0,4C(80%)-4C,4.0,4.0,4.0,False,False
Batch 1,4,1227.0,4C(80%)-4C,4.0,4.0,4.0,False,False
Batch 1,5,1074.0,4.4C(80%)-4.4C,4.4,4.4,4.4,True,True
Batch 1,6,636.0,4.8C(80%)-4.8C,4.8,4.8,4.8,True,True
Batch 1,7,870.0,4.8C(80%)-4.8C,4.8,4.8,4.8,True,True
Batch 1,8,879.0,5.4C(40%)-3.6C,5.4,3.6,4.32,False,False
Batch 1,9,1054.0,5.4C(40%)-3.6C,5.4,3.6,4.32,True,True
Batch 1,10,906.0,5.4C(50%)-3C,5.4,3.0,4.153846153846154,False,False
Batch 1,11,788.0,5.4C(50%)-3C,5.4,3.0,4.153846153846154,True,True
Batch 1,12,902.0,5.4C(50%)-3.6C,5.4,3.6,4.5473684210526315,False,False
Batch 1,13,897.0,5.4C(50%)-3.6C,5.4,3.6,4.5473684210526315,False,False
Batch 1,14,880.0,5.4C(60%)-3C,5.4,3.0,4.499999999999999,True,True
Batch 1,15,719.0,5.4C(60%)-3C,5.4,3.0,4.499999999999999,True,True
Batch 1,16,862.0,5.4C(60%)-3.6C,5.4,3.6,4.8,True,True
Batch 1,17,857.0,5.4C(60%)-3.6C,5.4,3.6,4.8,True,True
Batch 1,18,691.0,5.4C(70%)-3C,5.4,3.0,4.909090909090909,True,True
Batch 1,19,788.0,5.4C(70%)-3C,5.4,3.0,4.909090909090909,True,True
Batch 1,20,534.0,5.4C(80%)-5.4C,5.4,5.4,5.4,True,True
Batch 1,21,559.0,5.4C(80%)-5.4C,5.4,5.4,5.4,True,True
Batch 1,22,891.0,6C(30%)-3.6C,6.0,3.6,4.235294117647059,False,False
Batch 1,23,1014.0,6C(30%)-3.6C,6.0,3.6,4.235294117647059,True,True
Batch 1,24,1017.0,6C(40%)-3C,6.0,3.0,4.0,True,True
Batch 1,25,854.0,6C(40%)-3C,6.0,3.0,4.0,True,True
Batch 1,26,870.0,6C(40%)-3.6C,6.0,3.6,4.5,True,True
Batch 1,27,842.0,6C(40%)-3.6C,6.0,3.6,4.5,True,True
Batch 1,28,860.0,6C(50%)-3C,6.0,3.0,4.363636363636363,True,True
Batch 1,29,917.0,6C(50%)-3C,6.0,3.0,4.363636363636363,True,True
Batch 1,30,709.0,6C(50%)-3.6C,6.0,3.6,4.8,True,True
Batch 1,31,876.0,6C(50%)-3.6C,6.0,3.6,4.8,True,True
Batch 1,32,731.0,6C(60%)-3C,6.0,3.0,4.8,True,True
Batch 1,33,757.0,6C(60%)-3C,6.0,3.0,4.8,True,True
Batch 1,34,742.0,7C(30%)-3.6C,7.0,3.6,4.401746724890829,True,True
Batch 1,35,703.0,7C(30%)-3.6C,7.0,3.6,4.401746724890829,True,True
Batch 1,36,704.0,7C(40%)-3C,7.0,3.0,4.2,True,True
Batch 1,37,648.0,7C(40%)-3C,7.0,3.0,4.2,True,True
Batch 1,38,617.0,7C(40%)-3.6C,7.0,3.6,4.754716981132075,True,True
Batch 1,39,625.0,7C(40%)-3.6C,7.0,3.6,4.754716981132075,True,True
Batch 1,40,966.0,8C(15%)-3.6C,8.0,3.6,4.013937282229966,True,True
Batch 1,41,1051.0,8C(15%)-3.6C,8.0,3.6,4.013937282229966,True,True
Batch 1,42,702.0,8C(25%)-3.6C,8.0,3.6,4.347169811320755,True,True
Batch 1,43,651.0,8C(25%)-3.6C,8.0,3.6,4.347169811320755,True,True
Batch 1,44,616.0,8C(35%)-3.6C,8.0,3.6,4.7407407407407405,True,True
Batch 1,45,599.0,8C(35%)-3.6C,8.0,3.6,4.7407407407407405,True,True
Batch 2,0,477.0,5.2C(58%)-4C,5.2,4.0,4.803695150115473,True,True
Batch 2,1,491.0,5.6C(26%)-4.5C,5.6,4.5,4.8068669527897,True,True
Batch 2,2,424.0,5.2C(50%)-4.25C,5.2,4.25,4.797829036635006,True,True
Batch 2,3,499.0,4.65C(44%)-5C,4.65,5.0,4.80123902942695,True,True
Batch 2,4,444.0,4.65C(69%)-6C,4.65,6.0,4.798452112221864,True,True
Batch 2,5,416.0,3.6C(30%)-6C,3.6,6.0,4.800000000000001,True,True
Batch 2,6,393.0,3.6C(9%)-5C,3.6,5.0,4.790419161676646,True,True
Batch 2,7,777.0,4.8C(80%)-4.8C-newstructure,4.8,4.8,4.8,True,True
Batch 2,8,904.0,5.2C(58%)-4C-newstructure,5.2,4.0,4.803695150115473,True,True
Batch 2,9,791.0,5.6C(26%)-4.5C-newstructure,5.6,4.5,4.8068669527897,True,True
Batch 2,10,492.0,4.8C(80%)-4.8C,4.8,4.8,4.8,True,True
Batch 2,11,449.0,5.2C(50%)-4.25C,5.2,4.25,4.797829036635006,True,True
Batch 2,12,466.0,4.65C(44%)-5C,4.65,5.0,4.80123902942695,True,True
Batch 2,13,460.0,4.65C(69%)-6C,4.65,6.0,4.798452112221864,True,True
Batch 2,14,426.0,3.6C(30%)-6C,3.6,6.0,4.800000000000001,True,True
Batch 2,15,396.0,3.6C(9%)-5C,3.6,5.0,4.790419161676646,True,True
Batch 2,16,472.0,4.8C(80%)-4.8C,4.8,4.8,4.8,True,True
Batch 2,17,471.0,5.6C(26%)-4.5C,5.6,4.5,4.8068669527897,True,True
Batch 2,18,449.0,5.2C(50%)-4.25C,5.2,4.25,4.797829036635006,True,True
Batch 2,19,392.0,6C(60%)-3C,6.0,3.0,4.8,True,True
Batch 2,20,489.0,5.2C(58%)-4C,5.2,4.0,4.803695150115473,True,True
Batch 2,21,408.0,6C(60%)-3C,6.0,3.0,4.8,True,True
Batch 2,22,,VarCharge-2C-100cycles,2.0,,2.0,False,False
Batch 2,23,,VarCharge-4C-100cycles,4.0,,4.0,False,False
Batch 2,24,514.0,4.8C(80%)-4.8C,4.8,4.8,4.8,True,True
Batch 2,25,493.0,5.2C(58%)-4C,5.2,4.0,4.803695150115473,True,True
Batch 2,26,450.0,5.6C(26%)-4.5C,5.6,4.5,4.8068669527897,True,True
Batch 2,27,474.0,5.2C(50%)-4.25C,5.2,4.25,4.797829036635006,True,True
Batch 2,28,437.0,4.8C(80%)-4.8C,4.8,4.8,4.8,True,True
Batch 2,29,452.0,5.2C(58%)-4C,5.2,4.0,4.803695150115473,True,True
Batch 2,30,412.0,5.6C(26%)-4.5C,5.6,4.5,4.8068669527897,True,True
Batch 2,31,425.0,5.6C(26%)-4.5C,5.6,4.5,4.8068669527897,True,True
Batch 2,32,809.0,4.8C(80%)-4.8C-newstructure,4.8,4.8,4.8,True,True
Batch 2,33,1140.0,5.2C(58%)-4C-newstructure,5.2,4.0,4.803695150115473,True,True
Batch 2,34,1186.0,5.6C(26%)-4.5C-newstructure,5.6,4.5,4.8068669527897,True,True
Batch 2,35,,VarCharge-6C-100cycles,6.0,,6.0,False,True
Batch 2,36,,VarCharge-8C-100cycles,8.0,,8.0,False,True
Batch 2,37,,3.6C(80%)-3.6C(SLOWCYCLE,3.6,3.6,3.6,False,False
Batch 2,38,,4.8C(80%)-4.8C(SLOWCYCLE,4.8,4.8,4.8,False,False
Batch 2,39,,3.6C(9%)-5C(SLOWCYCLE,3.6,5.0,4.790419161676646,False,True
Batch 2,40,,5.2C(58%)-4C(SLOWCYCLE,5.2,4.0,4.803695150115473,False,True
Batch 2,41,442.0,5.6C(26%)-4.5C,5.6,4.5,4.8068669527897,True,True
Batch 2,42,474.0,5.2C(50%)-4.25C,5.2,4.25,4.797829036635006,True,True
Batch 2,43,1029.0,4.8C(80%)-4.8C-newstructure,4.8,4.8,4.8,True,True
Batch 2,44,841.0,5.2C(58%)-4C-newstructure,5.2,4.0,4.803695150115473,True,True
Batch 2,45,997.0,5.6C(26%)-4.5C-newstructure,5.6,4.5,4.8068669527897,True,True
Batch 2,46,503.0,4.8C(80%)-4.8C,4.8,4.8,4.8,True,True
Batch 3,0,1009.0,5C(67%)-4C-newstructure,5.0,4.0,4.804804804804805,True,True
Batch 3,1,1063.0,5.3C(54%)-4C-newstructure,5.3,4.0,4.7936687394007915,True,True
Batch 3,2,1267.0,5.6C(19%)-4.6C-newstructure,5.6,4.6,4.803729603729602,True,True
Batch 3,3,1115.0,5.6C(36%)-4.3C-newstructure,5.6,4.3,4.8015952143569285,True,True
Batch 3,4,1048.0,5.6C(19%)-4.6C-newstructure,5.6,4.6,4.803729603729602,True,True
Batch 3,5,828.0,5.6C(36%)-4.3C-newstructure,5.6,4.3,4.8015952143569285,True,True
Batch 3,6,667.0,3.7C(31%)-5.9C-newstructure,3.7,5.9,4.795167490389896,True,True
Batch 3,7,1836.0,4.8C(80%)-4.8C-newstructure,4.8,4.8,4.8,True,True
Batch 3,8,828.0,5C(67%)-4C-newstructure,5.0,4.0,4.804804804804805,True,True
Batch 3,9,1039.0,5.3C(54%)-4C-newstructure,5.3,4.0,4.7936687394007915,True,True
Batch 3,10,1078.0,4.8C(80%)-4.8C-newstructure,4.8,4.8,4.8,True,True
Batch 3,11,817.0,5.6C(19%)-4.6C-newstructure,5.6,4.6,4.803729603729602,True,True
Batch 3,12,932.0,5.6C(36%)-4.3C-newstructure,5.6,4.3,4.8015952143569285,True,True
Batch 3,13,816.0,5.6C(19%)-4.6C-newstructure,5.6,4.6,4.803729603729602,True,True
Batch 3,14,858.0,5.6C(36%)-4.3C-newstructure,5.6,4.3,4.8015952143569285,True,True
Batch 3,15,876.0,5.9C(15%)-4.6C-newstructure,5.9,4.6,4.798232044198895,True,True
Batch 3,16,1638.0,4.8C(80%)-4.8C-newstructure,4.8,4.8,4.8,True,True
Batch 3,17,1315.0,5.3C(54%)-4C-newstructure,5.3,4.0,4.7936687394007915,True,True
Batch 3,18,1146.0,5.6C(19%)-4.6C-newstructure,5.6,4.6,4.803729603729602,True,True
Batch 3,19,1155.0,5.6C(36%)-4.3C-newstructure,5.6,4.3,4.8015952143569285,True,True
Batch 3,20,813.0,5C(67%)-4C-newstructure,5.0,4.0,4.804804804804805,True,True
Batch 3,21,772.0,3.7C(31%)-5.9C-newstructure,3.7,5.9,4.795167490389896,True,True
Batch 3,22,1002.0,5.9C(60%)-3.1C-newstructure,5.9,3.1,4.813157894736842,True,True
Batch 3,23,,4.8C(80%)-4.8C-newstructure,4.8,4.8,4.8,False,False
Batch 3,24,825.0,5C(67%)-4C-newstructure,5.0,4.0,4.804804804804805,True,True
Batch 3,25,989.0,5.3C(54%)-4C-newstructure,5.3,4.0,4.7936687394007915,True,True
Batch 3,26,1028.0,5.6C(19%)-4.6C-newstructure,5.6,4.6,4.803729603729602,True,True
Batch 3,27,850.0,5.6C(36%)-4.3C-newstructure,5.6,4.3,4.8015952143569285,True,True
Batch 3,28,541.0,3.7C(31%)-5.9C-newstructure,3.7,5.9,4.795167490389896,True,True
Batch 3,29,858.0,5.9C(15%)-4.6C-newstructure,5.9,4.6,4.798232044198895,True,True
Batch 3,30,935.0,5.3C(54%)-4C-newstructure,5.3,4.0,4.7936687394007915,True,True
Batch 3,31,731.0,5.9C(60%)-3.1C-newstructure,5.9,3.1,4.813157894736842,True,True
Batch 3,32,,4.8C(80%)-4.8C-newstructure,4.8,4.8,4.8,False,False
Batch 3,33,1284.0,5C(67%)-4C-newstructure,5.0,4.0,4.804804804804805,True,True
Batch 3,34,1158.0,5.3C(54%)-4C-newstructure,5.3,4.0,4.7936687394007915,True,True
Batch 3,35,1093.0,5.6C(19%)-4.6C-newstructure,5.6,4.6,4.803729603729602,True,True
Batch 3,36,923.0,5.6C(36%)-4.3C-newstructure,5.6,4.3,4.8015952143569285,True,True
Batch 3,37,1390.0,4.8C(80%)-4.8C-newstructure,4.8,4.8,4.8,True,True
Batch 3,38,1935.0,5C(67%)-4C-newstructure,5.0,4.0,4.804804804804805,True,True
Batch 3,39,1156.0,5.3C(54%)-4C-newstructure,5.3,4.0,4.7936687394007915,True,True
Batch 3,40,796.0,5.6C(19%)-4.6C-newstructure,5.6,4.6,4.803729603729602,True,True
Batch 3,41,786.0,5.6C(36%)-4.3C-newstructure,5.6,4.3,4.8015952143569285,True,True
Batch 3,42,1642.0,4.8C(80%)-4.8C-newstructure,4.8,4.8,4.8,True,True
Batch 3,43,1046.0,5C(67%)-4C-newstructure,5.0,4.0,4.804804804804805,True,True
Batch 3,44,940.0,5.3C(54%)-4C-newstructure,5.3,4.0,4.7936687394007915,True,True
Batch 3,45,1801.0,4.8C(80%)-4.8C-newstructure,4.8,4.8,4.8,True,True
