batch,cell_id,cycle_life,reason
Batch 1,0,1190.0,수명 미확정: 0.88 Ah 도달 전 기록 종료
Batch 1,1,1179.0,수명 미확정: 0.88 Ah 도달 전 기록 종료
Batch 1,2,1177.0,수명 미확정: 0.88 Ah 도달 전 기록 종료
Batch 1,3,1226.0,수명 미확정: 0.88 Ah 도달 전 기록 종료
Batch 1,4,1227.0,수명 미확정: 0.88 Ah 도달 전 기록 종료
Batch 1,8,879.0,수명 미확정: 0.88 Ah 도달 전 기록 종료
Batch 1,10,906.0,수명 미확정: 0.88 Ah 도달 전 기록 종료
Batch 1,12,902.0,수명 미확정: 0.88 Ah 도달 전 기록 종료
Batch 1,13,897.0,수명 미확정: 0.88 Ah 도달 전 기록 종료
Batch 1,22,891.0,수명 미확정: 0.88 Ah 도달 전 기록 종료
Batch 2,22,,cycle_life 결측 또는 100 Cycle 미만
Batch 2,23,,cycle_life 결측 또는 100 Cycle 미만
Batch 2,35,,cycle_life 결측 또는 100 Cycle 미만
Batch 2,36,,cycle_life 결측 또는 100 Cycle 미만
Batch 2,37,,cycle_life 결측 또는 100 Cycle 미만
Batch 2,38,,cycle_life 결측 또는 100 Cycle 미만
Batch 2,39,,cycle_life 결측 또는 100 Cycle 미만
Batch 2,40,,cycle_life 결측 또는 100 Cycle 미만
Batch 3,23,,cycle_life 결측 또는 100 Cycle 미만
Batch 3,32,,cycle_life 결측 또는 100 Cycle 미만
