,log_cycle_life,log_delta_var,delta_var,delta_abs_mean,delta_max_abs,avg_charging_speed_to_80_C,chargetime_initial_5,QD_fade_100,QD_mean_100,IR_mean_100,Tavg_mean_100,Tmax_mean_100
log_cycle_life,1.0,-0.8969104394318617,-0.8286529486684481,-0.8500044414164771,-0.8755965185118031,-0.15474739716538366,0.22588264171017292,0.020662535563112053,-0.5764478844705763,-0.4205389502272478,0.36613641188022833,0.05496641774972449
log_delta_var,-0.8969104394318617,1.0,0.9046215292135731,0.9475094216734291,0.9658693492541267,0.09950860043101833,-0.15823124023662521,0.12536094835054531,0.5936444460048227,0.4558384368106936,-0.4219271240746651,-0.11945712855956317
delta_var,-0.8286529486684481,0.9046215292135731,1.0,0.9769476066823862,0.9773814870168086,0.20779561367472324,-0.18847508107012234,0.24799982027374703,0.5328440201601942,0.3449972382320581,-0.34300974993823014,-0.0865931450503731
delta_abs_mean,-0.8500044414164771,0.9475094216734291,0.9769476066823862,1.0,0.9866830967729329,0.18449448898492338,-0.1945318204318822,0.268358277396446,0.5424614005500885,0.3502608415142014,-0.35912219492501285,-0.09907653175868338
delta_max_abs,-0.8755965185118031,0.9658693492541267,0.9773814870168086,0.9866830967729329,1.0,0.16597695860998002,-0.17122295804058774,0.20503678684357,0.572989725764405,0.397142285403708,-0.3843724598720431,-0.10298330531044875
avg_charging_speed_to_80_C,-0.15474739716538366,0.09950860043101833,0.20779561367472324,0.18449448898492338,0.16597695860998002,1.0,-0.920429669138916,0.1797823152215896,0.01248890280296474,-0.2908740633740508,0.0868852607084685,-0.004370491503221281
chargetime_initial_5,0.22588264171017292,-0.15823124023662521,-0.18847508107012234,-0.1945318204318822,-0.17122295804058774,-0.920429669138916,1.0,-0.1628091037336221,-0.03436294632550701,0.2775998215325744,-0.12282790020101736,-0.037019621165676087
QD_fade_100,0.020662535563112053,0.12536094835054531,0.24799982027374703,0.268358277396446,0.20503678684357,0.1797823152215896,-0.1628091037336221,1.0,-0.27964578220394715,-0.4313629388886381,0.22043488526254032,0.15702378142692908
QD_mean_100,-0.5764478844705763,0.5936444460048227,0.5328440201601942,0.5424614005500885,0.572989725764405,0.01248890280296474,-0.03436294632550701,-0.27964578220394715,1.0,0.6275000942728732,-0.5221363781692702,-0.29325786883133015
IR_mean_100,-0.4205389502272478,0.4558384368106936,0.3449972382320581,0.3502608415142014,0.397142285403708,-0.2908740633740508,0.2775998215325744,-0.4313629388886381,0.6275000942728732,1.0,-0.4669283452918575,-0.17942998332938523
Tavg_mean_100,0.36613641188022833,-0.4219271240746651,-0.34300974993823014,-0.35912219492501285,-0.3843724598720431,0.0868852607084685,-0.12282790020101736,0.22043488526254032,-0.5221363781692702,-0.4669283452918575,1.0,0.8712213419609776
Tmax_mean_100,0.05496641774972449,-0.11945712855956317,-0.0865931450503731,-0.09907653175868338,-0.10298330531044875,-0.004370491503221281,-0.037019621165676087,0.15702378142692908,-0.29325786883133015,-0.17942998332938523,0.8712213419609776,1.0
