feature,Batch 1,전체
log_delta_var,-0.843513130611024,-0.8969104394318616
delta_var,-0.8351414727908603,-0.8286529486684477
delta_max_abs,-0.8325138987326146,-0.8755965185118031
delta_abs_mean,-0.7985133686811193,-0.850004441416477
avg_charging_speed_to_80_C,-0.5938924863405896,-0.1547473971653809
chargetime_initial_5,0.5748641371009725,0.22588264171017358
QD_fade_100,-0.5189541326947212,0.020662535563112063
IR_mean_100,0.2540531506848004,-0.4205389502272472
QD_mean_100,0.22266878573476903,-0.5764478844705758
Tavg_mean_100,-0.15606695439152493,0.3661364118802345
Tmax_mean_100,-0.1506075246245581,0.05496641774972449
