batch,cell_id,cycle_life,delta_mean,delta_abs_mean,delta_max_abs,delta_var
Batch 1,5,1074.0,-0.01107391297973859,0.01109450776639639,0.025178778949337288,6.624026126041227e-05
Batch 1,6,636.0,-0.015965056248274823,0.015970913590886853,0.03788603931347978,0.00017026371292231957
Batch 1,7,870.0,-0.016645727245619735,0.016645727245619735,0.03823338650707442,0.00015364340477588736
Batch 1,9,1054.0,-0.011510600568480111,0.011510600568480111,0.028724475696229934,8.72200481780871e-05
Batch 1,11,788.0,-0.008378205102529986,0.00840950919932506,0.023691513033622602,7.130228856858242e-05
Batch 1,14,880.0,-0.011946218223467892,0.011946218223467892,0.0282939556930506,8.993529426869348e-05
Batch 1,15,719.0,-0.011013089313180444,0.011013089313180444,0.02894455469678503,9.595130743781206e-05
Batch 1,16,862.0,-0.012403806163792485,0.012403806163792485,0.027606674842371115,7.954013514589506e-05
Batch 1,17,857.0,-0.013343115757399526,0.013343115757399526,0.031067967108938555,0.00010711259692754453
Batch 1,18,691.0,-0.02070238680333876,0.02070238680333876,0.04413321540827286,0.00022383059792099492
Batch 1,19,788.0,-0.020106274821769736,0.020106645660057924,0.04589269342650848,0.00023993476144574294
Batch 1,20,534.0,-0.03279598300714767,0.03279646484486227,0.06358042689660326,0.00042930168171296525
Batch 1,21,559.0,-0.030657577112710634,0.030657577112710634,0.06472026276575493,0.00044633603224653485
Batch 1,23,1014.0,-0.013340620512360239,0.013340620512360239,0.029953516931757296,9.103457241110652e-05
Batch 1,24,1017.0,-0.013873507013282613,0.013873507013282613,0.03184213409789827,0.00011516949866350308
Batch 1,25,854.0,-0.012406193052887388,0.012406193052887388,0.02944117289056547,9.378020536805894e-05
Batch 1,26,870.0,-0.01785015712562481,0.01785015712562481,0.03835445363245393,0.00016024334542563112
Batch 1,27,842.0,-0.01551418714665611,0.015527662563825841,0.03583211964634625,0.00014005441374332457
Batch 1,28,860.0,-0.016698122755162716,0.016698122755162716,0.03721348031974192,0.00014298424697322437
Batch 1,29,917.0,-0.01660052342693117,0.016607171177101015,0.036868449881918286,0.0001451170011316565
Batch 1,30,709.0,-0.017719122166801278,0.017719122166801278,0.04081538502439652,0.00018001172021664107
Batch 1,31,876.0,-0.017983588803246863,0.018005193347225473,0.03947820648424727,0.00016682739789842456
Batch 1,32,731.0,-0.020730273837007353,0.020730273837007353,0.04556628526257467,0.00022570256930208902
Batch 1,33,757.0,-0.021651569301358076,0.021651569301358076,0.044901781211682756,0.00021524962445427153
Batch 1,34,742.0,-0.016080359430316875,0.016090340394818946,0.037218141748807665,0.00014170456557429945
Batch 1,35,703.0,-0.018223341654084003,0.018223341654084003,0.039152034335048436,0.00016880845085747467
Batch 1,36,704.0,-0.02104235085802675,0.02104235085802675,0.044621405961221994,0.00021404183097836082
Batch 1,37,648.0,-0.019436824634916583,0.019436824634916583,0.044544784957630146,0.00021186592167101386
Batch 1,38,617.0,-0.026764193834967424,0.02676701782749305,0.05641559694699583,0.00036893667248310104
Batch 1,39,625.0,-0.024440041487006035,0.024440041487006035,0.053143954091811496,0.0003129437479421444
Batch 1,40,966.0,-0.012628807847703542,0.012628807847703542,0.02909570881628587,8.806174658415387e-05
Batch 1,41,1051.0,-0.012358568562846162,0.012359103287035352,0.02850629135902205,8.48176100238975e-05
Batch 1,42,702.0,-0.020599210252813277,0.020599210252813277,0.04470964572873015,0.00021584610431745794
Batch 1,43,651.0,-0.019165626778476195,0.019165626778476195,0.044605890152637384,0.00021489233671107995
Batch 1,44,616.0,-0.029329092901317067,0.029329092901317067,0.05879707165403769,0.0003795770928016619
Batch 1,45,599.0,-0.02886609052113574,0.028871611048348598,0.059403509916114317,0.0003755845892835457
Batch 2,0,477.0,-0.025801000173386008,0.025801000173386008,0.055061277717081025,0.0003256380937000854
Batch 2,1,491.0,-0.035595007639683186,0.035599270684251665,0.0661147205894651,0.0005034410615908589
Batch 2,2,424.0,-0.025013386420214043,0.025013386420214043,0.052717818544041395,0.00034653861464528006
Batch 2,3,499.0,-0.020089882918698704,0.020089882918698704,0.05586845261151374,0.000318975262145792
Batch 2,4,444.0,-0.034781796484889084,0.03479286913315801,0.07029720690084085,0.0005854545529657333
Batch 2,5,416.0,-0.04648540460048997,0.04648594220297168,0.08615002847927744,0.0008205749892219913
Batch 2,6,393.0,-0.02082479246051704,0.020829630464071762,0.04987247893740465,0.00029509395529212125
Batch 2,7,777.0,-0.008823099834708447,0.008867753886646014,0.021737979924043582,5.865835912266468e-05
Batch 2,8,904.0,-0.011203415580045945,0.011222306571166357,0.027841110945332148,7.899098323286501e-05
Batch 2,9,791.0,-0.007446960333569007,0.008102861355073059,0.019754152325308416,4.5245388051825846e-05
Batch 2,10,492.0,-0.02952029629956943,0.02952029629956943,0.05580244986198335,0.00035407876899738185
Batch 2,11,449.0,-0.024012633467613776,0.024012633467613776,0.05489875594719695,0.000327044446642087
Batch 2,12,466.0,-0.03939759227215439,0.039398117949145404,0.07733124344865683,0.0006792531042316953
Batch 2,13,460.0,-0.0340700221226121,0.03407116449841186,0.06467448840609535,0.00045243092034126796
Batch 2,14,426.0,-0.04455576451036339,0.04455576451036339,0.0837144352028476,0.0007611671443129553
Batch 2,15,396.0,-0.024135288352654265,0.024135288352654265,0.05093467639415561,0.0003046127470747836
Batch 2,16,472.0,-0.026244652410942607,0.026244652410942607,0.0532543676756424,0.0003199771811309943
Batch 2,17,471.0,-0.024346340387445996,0.024346340387445996,0.05256239657553352,0.0003159772910980138
Batch 2,18,449.0,-0.016640891110932497,0.016641648264370923,0.03974566910430133,0.00019619921427892916
Batch 2,19,392.0,-0.03430820779792184,0.03431051699871947,0.06565175087353758,0.0005105543672328962
Batch 2,20,489.0,-0.024435139451588442,0.024435139451588442,0.06050408803806073,0.0003619883290668569
Batch 2,21,408.0,-0.03328855261100499,0.03328855261100499,0.06446758204398206,0.0004713254868518693
Batch 2,24,514.0,-0.02277147977476359,0.022773487296834143,0.04572997432532899,0.00022862026926774183
Batch 2,25,493.0,-0.023610982444417374,0.023610982444417374,0.05050846489030969,0.0002920936192579677
Batch 2,26,450.0,-0.03803854165400029,0.03803854165400029,0.0733087791289827,0.0005997170447101127
Batch 2,27,474.0,-0.02468392780224258,0.02468392780224258,0.05449125756065937,0.0003264347368865592
Batch 2,28,437.0,-0.027989332592662373,0.027989332592662373,0.05649138678277321,0.00037721489290159214
Batch 2,29,452.0,-0.02532223237657199,0.02532223237657199,0.05263352953614442,0.0003102785983552323
Batch 2,30,412.0,-0.03965588948997046,0.03965664830797304,0.07552303651130998,0.0006525149114268708
Batch 2,31,425.0,-0.030624456764042955,0.03073857262302911,0.06422883358208353,0.00044426404704274566
Batch 2,32,809.0,-0.013389939833647101,0.013389939833647101,0.02746120651303563,7.388118368069333e-05
Batch 2,33,1140.0,-0.011579541007786182,0.011642651665769381,0.024084742136216253,5.866400117176798e-05
Batch 2,34,1186.0,-0.008120054579074073,0.008202697022062439,0.01914294964399932,3.5597117054099105e-05
Batch 2,41,442.0,-0.037768291495701274,0.037768291495701274,0.08093104924483763,0.0006724100406155343
Batch 2,42,474.0,-0.02934071492636848,0.02934071492636848,0.054167624970645756,0.0003291640157368037
Batch 2,43,1029.0,-0.00777834835139346,0.008793714465857192,0.019164842112240565,5.3483284647826735e-05
Batch 2,44,841.0,-0.008750572617170911,0.00876089532252464,0.020302277620516618,4.3199281110227894e-05
Batch 2,45,997.0,-0.011157666285585534,0.01116306629285677,0.026670418787086536,6.680132101075869e-05
Batch 2,46,503.0,-0.02283429863191323,0.02304951669972013,0.05286240500828243,0.00030983099889204734
Batch 3,0,1009.0,-0.01010217739369119,0.010110736452058799,0.02331165742747432,5.687024898905241e-05
Batch 3,1,1063.0,-0.009621018929360837,0.009621018929360837,0.022324177554068236,5.181521321780508e-05
Batch 3,2,1267.0,-0.0026131423354832516,0.0039609848629265955,0.010524237005879011,1.6619555727408117e-05
Batch 3,3,1115.0,-0.010705414352713173,0.010720837897382686,0.026836614735112785,7.645259474220121e-05
Batch 3,4,1048.0,-0.01010643886890673,0.01010643886890673,0.024810275761238065,6.630317519564988e-05
Batch 3,5,828.0,-0.011445765437692483,0.011511014676139613,0.025445098246365427,7.683799523990656e-05
Batch 3,6,667.0,-0.028517561100453784,0.028583375430279123,0.05320164659124538,0.00029805183986089944
Batch 3,7,1836.0,-0.007037779014879844,0.007086030472687243,0.017059021835070354,3.2453221357996856e-05
Batch 3,8,828.0,-0.011806368426415048,0.011806392300921615,0.026848970612832312,8.094615840627263e-05
Batch 3,9,1039.0,-0.01447801181075607,0.01447801181075607,0.0295752747869662,0.00010416049784765705
Batch 3,10,1078.0,-0.008335183582489896,0.008335183582489896,0.019093025885229542,3.8783238947594476e-05
Batch 3,11,817.0,-0.015620691175653465,0.015646978202667382,0.034087374997818,0.00013034033579521087
Batch 3,12,932.0,-0.01531489306361951,0.01531489306361951,0.03173492178819726,0.00011303424118898805
Batch 3,13,816.0,-0.01176548019743392,0.01176548019743392,0.027646083960900736,8.045138308284514e-05
Batch 3,14,858.0,-0.013203557332650977,0.013214247691073173,0.029282360362737236,0.00010007654534836023
Batch 3,15,876.0,-0.013340330831580071,0.013363938562854305,0.02948434500233621,9.984253014088351e-05
Batch 3,16,1638.0,-0.005323302354980101,0.00565275994909071,0.013451995639618852,2.020628622431914e-05
Batch 3,17,1315.0,-0.007236216829825155,0.007728819990955394,0.017882391550413823,3.633180045384266e-05
Batch 3,18,1146.0,-0.010342257243667845,0.010342257243667845,0.02345576998165999,5.571190370898626e-05
Batch 3,19,1155.0,-0.011545479663150093,0.011545630999741914,0.025293657704202555,6.730667325120848e-05
Batch 3,20,813.0,-0.011919383387319954,0.011919383387319954,0.028071993572476917,8.583320053473407e-05
Batch 3,21,772.0,-0.02353870422305198,0.023544676440333704,0.04327614857800555,0.00019754830798491912
Batch 3,22,1002.0,-0.013722550516362944,0.013722550516362944,0.028409329718630083,8.977958692912617e-05
Batch 3,24,825.0,-0.010345482795288031,0.010345482795288031,0.0247723986145858,6.994312062017459e-05
Batch 3,25,989.0,-0.010925821646167616,0.010925821646167616,0.026576249209760316,7.135743905511085e-05
Batch 3,26,1028.0,-0.01013959278346487,0.010148708347051123,0.02417913926788795,6.032434097872005e-05
Batch 3,27,850.0,-0.01070991087322853,0.010754138401352918,0.026600290807078597,7.410844302086189e-05
Batch 3,28,541.0,-0.03025611921470947,0.0302595764323368,0.05783112055064066,0.00035346149253269254
Batch 3,29,858.0,-0.011300575148553208,0.01137731839524486,0.028921475161164945,8.638212824469724e-05
Batch 3,30,935.0,-0.011137570899382837,0.01115328087715061,0.026737169755743473,7.939158148811134e-05
Batch 3,31,731.0,-0.01635054856148944,0.016358199246413203,0.035619409739265695,0.00014467616046037193
Batch 3,33,1284.0,-0.00784867836178756,0.007873178305526697,0.019885925647910252,4.0188487978171294e-05
Batch 3,34,1158.0,-0.00955200556777299,0.00955399955960868,0.02150989276991433,4.946983882423062e-05
Batch 3,35,1093.0,-0.009826425701495065,0.009837641474179594,0.02302807515263361,5.8229318902417414e-05
Batch 3,36,923.0,-0.009908357469924613,0.009951677584541883,0.022981813517992444,5.5788165335225655e-05
Batch 3,37,1390.0,-0.001076797766325731,0.0021765420090845886,0.013240420704929368,7.96423654716803e-06
Batch 3,38,1935.0,-0.008693083372975452,0.008911695339998004,0.020147005721674938,4.5493249228224246e-05
Batch 3,39,1156.0,-0.006428438589560583,0.006769579865140696,0.017457917694832736,3.510467231268054e-05
Batch 3,40,796.0,-0.009078861478925766,0.009097182735125102,0.022053794482172262,5.068643250322407e-05
Batch 3,41,786.0,-0.009748050525024678,0.00975037938924494,0.024192993699098664,6.03240691683163e-05
Batch 3,42,1642.0,0.0007845194706261452,0.004010436875421514,0.02170209846647253,4.5061465820542114e-05
Batch 3,43,1046.0,-0.003266056933426803,0.006027034341898461,0.01636229106242293,4.822275074444368e-05
Batch 3,44,940.0,-0.011231061096491921,0.011231061096491921,0.02598513188750473,7.387618796699746e-05
Batch 3,45,1801.0,-0.007131752461986142,0.007131752461986142,0.016477960740300612,3.014041303195534e-05
