policy,mean_cycle_life,std_cycle_life,count,first_C,second_C,avg_charging_speed_to_80_C
4.4C(80%)-4.4C,1074.0,,1,4.4,4.4,4.4
5.4C(40%)-3.6C,1054.0,,1,5.4,3.6,4.32
6C(30%)-3.6C,1014.0,,1,6.0,3.6,4.24
8C(15%)-3.6C,1008.5,60.1,2,8.0,3.6,4.01
6C(40%)-3C,935.5,115.26,2,6.0,3.0,4.0
6C(50%)-3C,888.5,40.31,2,6.0,3.0,4.36
5.4C(60%)-3.6C,859.5,3.54,2,5.4,3.6,4.8
6C(40%)-3.6C,856.0,19.8,2,6.0,3.6,4.5
5.4C(60%)-3C,799.5,113.84,2,5.4,3.0,4.5
6C(50%)-3.6C,792.5,118.09,2,6.0,3.6,4.8
5.4C(50%)-3C,788.0,,1,5.4,3.0,4.15
4.8C(80%)-4.8C,753.0,165.46,2,4.8,4.8,4.8
6C(60%)-3C,744.0,18.38,2,6.0,3.0,4.8
5.4C(70%)-3C,739.5,68.59,2,5.4,3.0,4.91
7C(30%)-3.6C,722.5,27.58,2,7.0,3.6,4.4
8C(25%)-3.6C,676.5,36.06,2,8.0,3.6,4.35
7C(40%)-3C,676.0,39.6,2,7.0,3.0,4.2
7C(40%)-3.6C,621.0,5.66,2,7.0,3.6,4.75
8C(35%)-3.6C,607.5,12.02,2,8.0,3.6,4.74
5.4C(80%)-5.4C,546.5,17.68,2,5.4,5.4,5.4
