batch,cell_id,cycle_life,QD_mean_100,QD_std_100,QD_slope_100,QD_fade_100,degradation_rate_100,first_C,second_C,C_rate_change,avg_charging_speed_to_80_C,charge_current_mean_100,charge_current_std_100,charge_current_max_100,policy,IR_mean_100,IR_missing,Tavg_mean_100,Tmax_mean_100,chargetime_mean_100,chargetime_initial_5
Batch 1,5,1074.0,1.0803274434343435,0.0010474769149627693,1.1228400742114224e-05,-0.0036528000000000116,-1.1228400742114224e-05,4.4,4.4,0.0,4.4,2.1644090253398742,1.8939255256293344,4.419160363636363,4.4C(80%)-4.4C,0.016270388575757577,False,30.92149771366389,33.02000678787879,15.07576803030309,11.001371666666698
Batch 1,6,636.0,1.0809117848484848,0.0011514053246823603,-4.808646876938924e-06,-0.003406800000000043,4.808646876938924e-06,4.8,4.8,0.0,4.8,2.2609086471281272,2.0691851497150218,4.801099909090909,4.8C(80%)-4.8C,0.01667571006122449,False,32.27384521945563,35.79263145454546,10.04485760942758,10.092771666666643
Batch 1,7,870.0,1.0969264323232324,0.0008160083405221343,-6.42818800247794e-06,-0.0018981000000000137,6.42818800247794e-06,4.8,4.8,0.0,4.8,2.291458231648765,2.0479761348821106,4.809326727272727,4.8C(80%)-4.8C,0.016213918408163264,False,31.990084509217034,35.32269474747474,10.044094528619514,10.008109999999942
Batch 1,9,1054.0,1.0876998484848484,0.0009772024093552619,1.8204385899806905e-05,-0.004656999999999911,-1.8204385899806905e-05,5.4,3.6,-1.8000000000000003,4.32,2.2822922635968297,2.0501304157794977,5.404891999999999,5.4C(40%)-3.6C,0.01683536523232323,False,32.64153361126789,35.98493365656566,11.241857609427619,11.207968333333337
Batch 1,11,788.0,1.060083885858586,0.0014342920160654257,2.1809402597400947e-05,-0.006193300000000068,-2.1809402597400947e-05,5.4,3.0,-2.4000000000000004,4.153846153846154,2.2011157183935,2.0791761126734554,5.4023603636363635,5.4C(50%)-3C,0.01620072782653061,False,32.75932260623101,36.23175358585859,11.684114427609464,11.652274999999948
Batch 1,14,880.0,1.0761029171717171,0.0012270028331920458,2.6234124922698223e-05,-0.005235500000000171,-2.6234124922698223e-05,5.4,3.0,-2.4000000000000004,4.499999999999999,2.282012461321644,2.14648457453995,5.4134091818181815,5.4C(60%)-3C,0.016975001838383838,False,33.07746279993842,36.63094507070707,14.925935387205387,10.763291666666676
Batch 1,15,719.0,1.0676568858585858,0.00140079990792507,2.904936054421284e-05,-0.006626100000000079,-2.904936054421284e-05,5.4,3.0,-2.4000000000000004,4.499999999999999,2.2676597301247177,2.1575792882831544,5.532965181818181,5.4C(60%)-3C,0.016839986434343434,False,33.147720104395674,37.056188636363636,14.92770846801342,10.769081666666656
Batch 1,16,862.0,1.0864695565656566,0.0012032831895770354,2.3160274582555584e-05,-0.005154199999999998,-2.3160274582555584e-05,5.4,3.6,-1.8000000000000003,4.8,2.3422563330522967,2.1802464780266733,5.406168181818182,5.4C(60%)-3.6C,0.016697524142857148,False,32.41716254671688,35.85141423232323,10.12547436026938,10.096490000000024
Batch 1,17,857.0,1.0771062363636363,0.0010541182453571362,1.7886231292523448e-05,-0.004924300000000104,-1.7886231292523448e-05,5.4,3.6,-1.8000000000000003,4.8,2.3180941685243566,2.187736897909387,5.407017818181818,5.4C(60%)-3.6C,0.016676227535353534,False,32.088753858534446,35.43276257575758,10.13811205387206,10.180106666666628
Batch 1,18,691.0,1.086443382828283,0.18252118160147157,-0.0002945415905998791,0.0016430999999998974,0.0002945415905998791,5.4,3.0,-2.4000000000000004,4.909090909090909,1.7437734600590493,2.083539108450842,5.405356636363636,5.4C(70%)-3C,0.018004754414141413,False,31.831057275618022,35.415118353535355,9.925956313131316,9.958261666666688
Batch 1,19,788.0,1.0883684717171715,0.0007718216160143594,-1.0355845392700724e-05,-0.0019703999999998167,1.0355845392700724e-05,5.4,3.0,-2.4000000000000004,4.909090909090909,2.36930144406344,2.2257133497221346,5.601126909090909,5.4C(70%)-3C,0.01632486908080808,False,33.044085397077396,36.83902758585858,9.930255336700304,9.957923333333323
Batch 1,20,534.0,1.0698410858585858,0.004184410419543684,-0.00013977618181817777,0.011382199999999898,0.00013977618181817777,5.4,5.4,0.0,5.4,2.417286870404252,2.334048301645216,5.405748545454545,5.4C(80%)-5.4C,0.015210366091836734,False,32.15292201754506,34.92834715151515,9.027207626262616,8.989326666666663
Batch 1,21,559.0,1.082226497979798,0.0026137864433469775,-8.178444155844591e-05,0.005709699999999929,8.178444155844591e-05,5.4,5.4,0.0,5.4,2.4128470489306793,2.3216802151900717,5.693886454545455,5.4C(80%)-5.4C,0.015090236234693879,False,33.13697371135653,36.94892544444444,8.987271380471347,8.980751666666643
Batch 1,23,1014.0,1.0824610575757576,0.00064132569857382,-6.950910327772603e-06,-0.0023974999999998303,6.950910327772603e-06,6.0,3.6,-2.4,4.235294117647059,2.3272403618000217,2.1553347536294942,6.006518272727273,6C(30%)-3.6C,0.016824002585858585,False,31.99077454717494,34.8727843939394,11.458691784511789,11.430390000000019
Batch 1,24,1017.0,1.0780331868686868,0.0007172188557690706,2.024258503403737e-06,-0.0030958999999999293,-2.024258503403737e-06,6.0,3.0,-3.0,4.0,2.277816384748442,2.1648572285325387,6.014494454545455,6C(40%)-3C,0.016587448888888887,False,33.378063951824195,36.866496545454545,12.128487205387225,12.177883333333314
Batch 1,25,854.0,1.078847887878788,0.0007311050081300092,5.12931354361571e-07,-0.0028093000000000146,-5.12931354361571e-07,6.0,3.0,-3.0,4.0,2.28224451100147,2.162561968478028,6.056303545454545,6C(40%)-3C,0.0165961417979798,False,33.848557073949294,37.990239878787875,12.137498080808081,12.09737499999998
Batch 1,26,870.0,1.0905742878787879,0.0008664365793143937,-1.521046134818085e-05,-0.0017199000000001075,1.521046134818085e-05,6.0,3.6,-2.4,4.5,2.3796300815782416,2.23183159716091,6.017317363636363,6C(40%)-3.6C,0.016285491838383837,False,33.15641406115227,36.41381293939394,10.800664208754247,10.76500499999999
Batch 1,27,842.0,1.0820360393939392,0.0007546205717510306,-1.0758799010519626e-05,-0.0019765000000000477,1.0758799010519626e-05,6.0,3.6,-2.4,4.5,2.3729213875624486,2.2430776284786105,6.0073159090909085,6C(40%)-3.6C,0.01609890666666667,False,33.89497000372245,37.51131004040404,10.803712340067367,10.763831666666677
Batch 1,28,860.0,1.0806956292929293,0.0005808473697885737,-7.726680272115018e-06,-0.0019471999999998157,7.726680272115018e-06,6.0,3.0,-3.0,4.363636363636363,2.3505992373285434,2.2654810752681316,6.006948272727272,6C(50%)-3C,0.01668003754545454,False,33.773800525042,37.491157878787874,11.138253585858592,11.09720500000003
Batch 1,29,917.0,1.0827828212121215,0.0006456219175832134,-5.212719851575346e-06,-0.0023569999999999425,5.212719851575346e-06,6.0,3.0,-3.0,4.363636363636363,2.3444644433027153,2.257427859769955,6.059625818181818,6C(50%)-3C,0.016545523626262625,False,32.70415601771739,35.39940990909091,11.151875336700314,11.179503333333317
Batch 1,30,709.0,1.0828237171717172,0.0008262149778357217,-1.6368218923929572e-05,-0.0015437000000000367,1.6368218923929572e-05,6.0,3.6,-2.4,4.8,2.41482638752964,2.323751307155335,6.002616909090909,6C(50%)-3.6C,0.01600942625252525,False,33.54008830692456,36.797617333333335,10.124524292929316,10.097159999999985
Batch 1,31,876.0,1.097068405050505,0.0009821231393733817,-2.62010822510796e-05,-0.0007101999999998831,2.62010822510796e-05,6.0,3.6,-2.4,4.8,2.440982012937297,2.309845920060602,6.004503454545453,6C(50%)-3.6C,0.016865566141414143,False,30.375396745150564,30.709141161616163,10.126957558922545,10.097186666666676
Batch 1,32,731.0,1.0806714494949494,0.0007058238630044114,-1.2776272108848686e-05,-0.001543800000000095,1.2776272108848686e-05,6.0,3.0,-3.0,4.8,2.410453008284314,2.366873084520826,6.006448909090909,6C(60%)-3C,0.016167064252525253,False,33.08050304573434,36.23561784848484,10.129902676767715,10.096391666666689
Batch 1,33,757.0,1.0954916464646465,0.0009462319167455618,-2.1812165739027016e-05,-0.0012749000000000787,2.1812165739027016e-05,6.0,3.0,-3.0,4.8,2.4353157767566804,2.350593615528328,6.058762272727272,6C(60%)-3C,0.016483775656565655,False,33.67169761442224,37.731304424242424,10.129993047138067,10.179520000000018
Batch 1,34,742.0,1.0800699888888887,0.0007272870882621551,-3.129647495333547e-07,-0.0028013000000000066,3.129647495333547e-07,7.0,3.6,-3.4,4.401746724890829,2.4734562837236944,2.445308692100406,7.004290454545455,7C(30%)-3.6C,0.01685519708080808,False,32.66455167507311,36.08252629292929,11.035507962962974,11.084356666666645
Batch 1,35,703.0,1.0745076737373735,0.0007027143826541125,3.195320964752807e-06,-0.0032472000000001167,-3.195320964752807e-06,7.0,3.6,-3.4,4.401746724890829,2.469143851456861,2.452652317382379,7.00460609090909,7C(30%)-3.6C,0.016967092292929295,False,32.09733437854189,34.87752171717172,11.036444074074083,11.084075
Batch 1,36,704.0,1.0812765595959595,0.0007104421735963635,-7.183043908475764e-06,-0.0024096000000000117,7.183043908475764e-06,7.0,3.0,-4.0,4.2,2.44210612215973,2.483305979203309,7.003184272727272,7C(40%)-3C,0.016437746262626264,False,32.04688205693082,33.970878757575754,11.554803670033683,11.524753333333319
Batch 1,37,648.0,1.0780300424242424,0.0007605825290446468,-9.680958565245865e-06,-0.0019871000000000194,9.680958565245865e-06,7.0,3.0,-4.0,4.2,2.4376432553793888,2.481809238852085,7.005736636363636,7C(40%)-3C,0.01654642202020202,False,32.95969887229894,36.05156987878787,11.561455202020227,11.607248333333336
Batch 1,38,617.0,1.075801506060606,0.0006463898758454917,-9.43712430427038e-06,-0.002024100000000084,9.43712430427038e-06,7.0,3.6,-3.4,4.754716981132075,2.529012476606615,2.5629760605827743,7.019857909090908,7C(40%)-3.6C,0.01621205696969697,False,33.69474656343401,37.29856363636363,10.23158840067342,10.275475000000005
Batch 1,39,625.0,1.085658998989899,0.0006974026916973628,-3.294477427340171e-06,-0.0029856000000001437,3.294477427340171e-06,7.0,3.6,-3.4,4.754716981132075,2.536648942698308,2.550464204035667,7.017732090909091,7C(40%)-3.6C,0.016691104555555555,False,33.50643317156701,37.403860242424244,10.242025976430945,10.274928333333325
Batch 1,40,966.0,1.0869299777777777,0.0007304158641508088,-8.20486332715938e-06,-0.0024324000000000012,8.20486332715938e-06,8.0,3.6,-4.4,4.013937282229966,2.5361068040473715,2.5325529625256795,8.016364363636363,8C(15%)-3.6C,0.01667927321212121,False,33.45968416375564,37.756139949494944,12.087224326599337,12.054661666666712
Batch 1,41,1051.0,1.082886786868687,0.0006614050883900506,-1.3855287570256206e-07,-0.0032071999999998546,1.3855287570256206e-07,8.0,3.6,-4.4,4.013937282229966,2.532887321518313,2.543322019056579,8.023536,8C(15%)-3.6C,0.016744890505050507,False,33.07332253245542,36.8232453030303,12.091290892255918,12.054396666666678
Batch 1,42,702.0,1.083889183838384,0.0006395508190474782,2.113598021033933e-06,-0.0034095999999999016,-2.113598021033933e-06,8.0,3.6,-4.4,4.347169811320755,2.5927422322093228,2.674333722908138,8.012958909090909,8C(25%)-3.6C,0.01671562283838384,False,33.58506724391689,37.673212,11.178124326599383,11.13793666666667
Batch 1,43,651.0,1.070522194949495,0.0008917599141955492,-2.401481014224145e-05,-0.0005969999999999587,2.401481014224145e-05,8.0,3.6,-4.4,4.347169811320755,2.5752077571792973,2.6896892627005458,8.027583,8C(25%)-3.6C,0.016104855565656565,False,33.339782658681436,36.82060524242424,11.17782324915825,11.13773666666663
Batch 1,44,616.0,1.0868420717171718,0.0011324582364728485,-3.3615460729745583e-05,5.8000000000113516e-05,3.3615460729745583e-05,8.0,3.6,-4.4,4.7407407407407405,2.6809816212302824,2.8066368981507064,8.013302181818181,8C(35%)-3.6C,0.01741384996969697,False,32.55333216968653,35.79095866666667,10.258049427609434,10.304085000000002
Batch 1,45,599.0,1.0871594505050506,0.0007692257379954453,-1.2920053184917479e-05,-0.0018719000000000374,1.2920053184917479e-05,8.0,3.6,-4.4,4.7407407407407405,2.6698647918152743,2.8112462787132357,8.013447818181819,8C(35%)-3.6C,0.016674251585858585,False,33.0005473910965,36.69642807070708,10.257274326599303,10.221496666666644
Batch 2,0,477.0,1.105038492,0.003135078676172886,1.6304494449446432e-05,-0.00519219999999998,-1.6304494449446432e-05,5.2,4.0,-1.2000000000000002,4.803695150115473,1.9934106854788516,2.1532451866456546,5.2094511818181815,5.2C(58%)-4C,0.01733813236,False,31.807497385473816,35.36194140015722,10.173261300000107,10.173655000000144
Batch 2,1,491.0,1.10494644,0.003426313426640324,-3.32861002100178e-05,0.005669400000000158,3.32861002100178e-05,5.6,4.5,-1.0999999999999996,4.8068669527897,2.399097691438097,1.9427346440554636,5.606911363636363,5.6C(26%)-4.5C,0.01755915909,False,33.59830289682961,36.44809667816464,10.19907416666656,10.180701666666815
Batch 2,2,424.0,1.0746560542,0.011236936035570428,-4.820387278725063e-06,0.0011276000000000064,4.820387278725063e-06,5.2,4.25,-0.9500000000000002,4.797829036635006,1.9503224070635654,2.168452165955608,5.312555454545453,5.2C(50%)-4.25C,0.016463414620000002,False,33.17756576063981,37.427644510910824,10.175027650000057,10.174855000000147
Batch 2,3,499.0,1.1014322669999999,0.0030749105226385433,7.682116951695325e-05,-0.004143000000000008,-7.682116951695325e-05,4.65,5.0,0.34999999999999964,4.80123902942695,1.9174402623803704,2.059123175089866,5.012238272727272,4.65C(44%)-5C,0.015916925550000002,False,33.93958543884461,38.77312907194259,10.173197350000047,10.173476666666586
Batch 2,4,444.0,1.0859578399999998,0.0032304919205107018,-6.734896969696271e-05,0.007804000000000144,6.734896969696271e-05,4.65,6.0,1.3499999999999996,4.798452112221864,2.290938825100771,2.2466780956289796,6.001950999999999,4.65C(69%)-6C,0.01619582082,False,33.05027186948681,37.43383570894893,10.231934299999951,10.22388333333341
Batch 2,5,416.0,1.088025367,0.012933698085242789,-0.00019428050225022198,0.020715099999999875,0.00019428050225022198,3.6,6.0,2.4,4.800000000000001,2.0013672127553273,2.142183324392286,6.0104786363636356,3.6C(30%)-6C,0.015306582499999999,False,33.01550370431462,37.64690458017922,10.198507216666679,10.17838833333323
Batch 2,6,393.0,1.092913134,0.0029628047355596213,6.42928268826928e-05,-0.003865400000000019,-6.42928268826928e-05,3.6,5.0,1.4,4.790419161676646,1.777535265197076,1.9550062488684892,5.001213727272727,3.6C(9%)-5C,0.01604186506,False,33.81745006948466,39.79549926626684,10.179292016666743,10.179236666666595
Batch 2,7,777.0,1.0929825290000001,0.002512799569167234,5.5001032703277326e-05,-0.009485799999999989,-5.5001032703277326e-05,4.8,4.8,0.0,4.8,2.462817774173916,2.0736750580064274,4.805422727272727,4.8C(80%)-4.8C-newstructure,0.014790600069999998,False,33.766912217149354,37.14445502401018,10.035779716666658,10.03664000000014
Batch 2,8,904.0,1.0901623492999999,0.012157322533455427,-4.6892879987995e-05,-0.0004493999999999332,4.6892879987995e-05,5.2,4.0,-1.2000000000000002,4.803695150115473,2.482245599451063,2.158145616147378,5.204089727272727,5.2C(58%)-4C-newstructure,0.01646674221,False,33.59821236744562,35.677756334230715,10.039867333333332,10.039623333333292
Batch 2,9,791.0,1.097482268,0.0018798976546330647,-2.9646877887787866e-05,-0.0020636000000000543,2.9646877887787866e-05,5.6,4.5,-1.0999999999999996,4.8068669527897,2.5767546011933273,2.2161519648628913,5.6049762727272725,5.6C(26%)-4.5C-newstructure,0.01539659944,False,32.35755295299843,33.59605648813232,10.039938566666658,10.040636666666735
Batch 2,10,492.0,1.1111485095999998,0.011604533027193994,5.465127200720503e-05,-0.008103599999999878,-5.465127200720503e-05,4.8,4.8,0.0,4.8,1.9483269787975692,2.0799282754053254,4.805023909090909,4.8C(80%)-4.8C,0.01706057563,False,31.720671317513244,34.35420149165315,10.169517366666604,10.171274999999877
Batch 2,11,449.0,1.101019946,0.014303285341419454,0.00011564709150915369,-0.01223099999999988,-0.00011564709150915369,5.2,4.25,-0.9500000000000002,4.797829036635006,1.9160743694704012,2.1419812326479377,5.207186636363636,5.2C(50%)-4.25C,0.01721904361,False,33.14963101101539,37.949925321805395,10.17388110000002,10.173445000000113
Batch 2,12,466.0,1.1041123279999998,0.0021180854894985316,3.221619081908934e-05,-0.005639399999999961,-3.221619081908934e-05,4.65,5.0,0.34999999999999964,4.80123902942695,1.9930201634676463,2.065719469629183,5.003016636363636,4.65C(44%)-5C,0.016529412549999997,False,31.316793895936517,33.597951965213426,10.17485430000005,10.174433333333338
Batch 2,13,460.0,1.094944933,0.0014608041999241922,-1.1630218421844241e-05,0.0006758000000000042,1.1630218421844241e-05,4.65,6.0,1.3499999999999996,4.798452112221864,2.2219065832112794,2.224257959119777,6.004385545454545,4.65C(69%)-6C,0.01607549433,False,31.948019425910115,35.06856349287113,10.2140922166666,10.20850500000015
Batch 2,14,426.0,1.079302612,0.003548074237527463,-0.00010136840564056637,0.00621930000000015,0.00010136840564056637,3.6,6.0,2.4,4.800000000000001,2.2007536424235794,2.2026080342752086,6.007458090909091,3.6C(30%)-6C,0.0162701026,False,32.124753255414234,35.20006219179895,49.482795350000096,10.208949999999943
Batch 2,15,396.0,1.0749797360000002,0.0030926595215552957,9.309728292829446e-05,-0.00841040000000004,-9.309728292829446e-05,3.6,5.0,1.4,4.790419161676646,1.7699313378181,1.977293479012033,5.009522909090909,3.6C(9%)-5C,0.016313907529999998,False,32.862312590345454,36.06955824939098,10.17305868333338,10.173571666666733
Batch 2,16,472.0,1.097015996,0.0019885957690061306,-1.377500510050277e-05,0.0015846999999999944,1.377500510050277e-05,4.8,4.8,0.0,4.8,1.9261434794244219,2.084616852501776,4.803626363636363,4.8C(80%)-4.8C,0.01749419094,False,32.76618715423966,36.98699901212051,10.171623783333347,10.17190499999997
Batch 2,17,471.0,1.093877117,0.002273866656674123,4.06414887488872e-05,-0.005158899999999855,-4.06414887488872e-05,5.6,4.5,-1.0999999999999996,4.8068669527897,2.399312747053095,1.957946411100544,5.60910309090909,5.6C(26%)-4.5C,0.01709369671,False,32.98821355652246,34.74856366071168,10.181189350000091,10.17766499999998
Batch 2,18,449.0,1.0824376820000001,0.003592563318643194,0.00011416270147014993,-0.010300600000000104,-0.00011416270147014993,5.2,4.25,-0.9500000000000002,4.797829036635006,2.1165803251408386,2.1724910151062935,5.203944090909091,5.2C(50%)-4.25C,0.01664831154,False,32.88628935898336,36.39882808811051,10.174147266666704,10.175171666666817
Batch 2,19,392.0,1.09472128,0.002860245011896854,2.3392277227724923e-05,-0.001773899999999884,-2.3392277227724923e-05,6.0,3.0,-3.0,4.8,2.1355470729887225,2.397658159597817,6.006185363636363,6C(60%)-3C,0.016718972760000003,False,32.76991201802439,36.54390200243137,10.173766266666714,10.175200000000041
Batch 2,20,489.0,1.10005656,0.0021280982151995116,2.917883588358451e-05,-0.006536399999999887,-2.917883588358451e-05,5.2,4.0,-1.2000000000000002,4.803695150115473,2.0835142253971473,2.165612426343817,5.209569090909091,5.2C(58%)-4C,0.016612060669999998,False,33.62225921545461,36.887813024693614,49.397125683333336,10.17276499999983
Batch 2,21,408.0,1.1010897552,0.01105129115263827,3.593870867086848e-05,-0.001494700000000071,-3.593870867086848e-05,6.0,3.0,-3.0,4.8,2.121687599621281,2.393199331298114,6.005595818181817,6C(60%)-3C,0.01720174435,False,33.59820005445401,38.6518784788995,10.174718300000022,10.174428333333344
Batch 2,24,514.0,1.096261652,0.0024487849724112425,4.449777617762296e-05,-0.009876800000000019,-4.449777617762296e-05,4.8,4.8,0.0,4.8,1.9634944603473754,2.0922567933845917,4.806359,4.8C(80%)-4.8C,0.01651723855,False,33.205124014909316,38.16546466536514,10.169994666666671,10.170328333333357
Batch 2,25,493.0,1.102206125,0.0024670549917662887,3.988503030303342e-05,-0.008215300000000036,-3.988503030303342e-05,5.2,4.0,-1.2000000000000002,4.803695150115473,2.094364794852603,2.1639961673255215,5.207307999999999,5.2C(58%)-4C,0.01674229199,False,32.23892710270436,34.441815154393964,10.172937516666643,10.173518333333293
Batch 2,26,450.0,1.1041737820000002,0.0021535162519353123,-1.22590411041043e-05,-0.001711000000000018,1.22590411041043e-05,5.6,4.5,-1.0999999999999996,4.8068669527897,2.351316157336708,1.9284014441062969,5.604074636363635,5.6C(26%)-4.5C,0.017708443810000002,False,33.76445582326918,36.92304607129649,49.42568144999996,10.17821166666666
Batch 2,27,474.0,1.0984702849999999,0.002788930443967342,8.4661474347446e-05,-0.011185599999999907,-8.4661474347446e-05,5.2,4.25,-0.9500000000000002,4.797829036635006,2.055706712461426,2.1570910507987273,5.206551999999999,5.2C(50%)-4.25C,0.01758962648,False,33.303981946117254,38.082671612305006,10.174639799999882,10.174338333333193
Batch 2,28,437.0,1.094977019,0.0025847564867306125,6.0277505550562045e-05,-0.012248100000000095,-6.0277505550562045e-05,4.8,4.8,0.0,4.8,1.9902547956415462,2.095870806867083,4.803078363636363,4.8C(80%)-4.8C,0.016281175090000002,False,32.14418070388791,35.3302582161644,49.409072166666576,10.17418333333335
Batch 2,29,452.0,1.109943851,0.0037825980172495263,0.00012138198679868116,-0.014145800000000097,-0.00012138198679868116,5.2,4.0,-1.2000000000000002,4.803695150115473,2.0186855460797792,2.1540304443025793,5.206350818181818,5.2C(58%)-4C,0.01673359061,False,31.797456695109688,34.43331396225578,10.173061883333311,10.17302166666656
Batch 2,30,412.0,1.0929991510000001,0.003457880779341656,-8.347699429943102e-05,0.0020607999999999738,8.347699429943102e-05,5.6,4.5,-1.0999999999999996,4.8068669527897,2.397077071034988,1.91231780722041,5.605815545454545,5.6C(26%)-4.5C,0.016894066949999998,False,33.81003990939852,37.33979500154215,49.43361824999998,10.251766666666663
Batch 2,31,425.0,1.099834485,0.001786953848718402,3.9730585658565726e-05,-0.0026558999999999333,-3.9730585658565726e-05,5.6,4.5,-1.0999999999999996,4.8068669527897,2.3585792979209135,1.9176198620330631,5.607532181818182,5.6C(26%)-4.5C,0.01633070732,False,33.375923495204454,35.648417823524284,10.194311699999947,10.175968333333488
Batch 2,32,809.0,1.0900312140000001,0.0030403300117599306,-5.3067630363030246e-05,0.0009959999999999969,5.3067630363030246e-05,4.8,4.8,0.0,4.8,2.5009309663083212,2.0720124074922874,4.801424181818181,4.8C(80%)-4.8C-newstructure,0.01481114372,False,32.16783240841186,33.94412444996172,49.27513175000007,10.042119999999947
Batch 2,33,1140.0,1.0706076800000002,0.014952976716954313,-0.00012262329552954914,0.0036490999999998497,0.00012262329552954914,5.2,4.0,-1.2000000000000002,4.803695150115473,2.6503514372755737,2.1562467078294025,5.207991181818182,5.2C(58%)-4C-newstructure,0.01499290727,False,32.73895611525105,34.29814806747137,10.039557949999924,10.039223333333211
Batch 2,34,1186.0,1.0671250090000002,0.0020888035316799377,-5.249918571856516e-05,0.001931799999999928,5.249918571856516e-05,5.6,4.5,-1.0999999999999996,4.8068669527897,2.7522437488862956,2.2188799506237444,5.609723909090909,5.6C(26%)-4.5C-newstructure,0.014954353830000003,False,35.66583614425341,38.96627418693022,49.2812586666667,10.03991166666674
Batch 2,41,442.0,1.105940476,0.0017710111313306218,2.4216604860487783e-05,-0.004363399999999906,-2.4216604860487783e-05,5.6,4.5,-1.0999999999999996,4.8068669527897,2.3641770675981335,1.9166472915922632,5.607098636363635,5.6C(26%)-4.5C,,True,30.20099354305731,32.73893316284874,49.423369649999984,10.180016666666537
Batch 2,42,474.0,1.1070860530000002,0.003443786058901729,8.59611647164716e-05,-0.010735300000000114,-8.59611647164716e-05,5.2,4.25,-0.9500000000000002,4.797829036635006,1.9665544085330275,2.1493350416277774,5.2042839999999995,5.2C(50%)-4.25C,,True,31.71041325336692,35.56989042695383,10.175117383333331,10.175045000000198
Batch 2,43,1029.0,1.098649702,0.003215264294396994,-6.995087428742697e-05,0.0006247000000001446,6.995087428742697e-05,4.8,4.8,0.0,4.8,2.4906647004639435,2.064900335253399,4.816887636363636,4.8C(80%)-4.8C-newstructure,,True,33.91860336356293,36.959106807008,10.036757000000032,10.03631333333348
Batch 2,44,841.0,1.0976301800000001,0.0012841757230522474,-2.3820940894082738e-05,0.0002775000000001526,2.3820940894082738e-05,5.2,4.0,-1.2000000000000002,4.803695150115473,2.548854257055145,2.146396300683846,5.204183363636363,5.2C(58%)-4C-newstructure,,True,33.956934554468496,36.87556475443348,49.26516493333332,10.040436666666695
Batch 2,45,997.0,1.1012386699999999,0.008315637384446004,-7.502379357935778e-05,0.003655799999999987,7.502379357935778e-05,5.6,4.5,-1.0999999999999996,4.8068669527897,2.6204304576664836,2.2109722539050303,5.6042653636363635,5.6C(26%)-4.5C-newstructure,,True,35.27071288818467,37.86716134641493,10.040191283333298,10.040249999999894
Batch 2,46,503.0,1.1025293669999998,0.0023280613956314145,2.09946288628969e-05,-0.0005484000000000044,-2.09946288628969e-05,4.8,4.8,0.0,4.8,1.9433895716939134,2.082593912941365,4.807708090909091,4.8C(80%)-4.8C,,True,29.88032329687331,31.00932954761403,49.40651875000001,10.169698333333509
Batch 3,0,1009.0,1.070348299,0.0007528879114255201,-2.9218715871566802e-06,-0.0028815999999998176,2.9218715871566802e-06,5.0,4.0,-1.0,4.804804804804805,2.5637515517902845,2.109145143436131,5.013375727272727,5C(67%)-4C-newstructure,0.01523784218,False,32.194399649744255,33.5588901505872,10.042618066666668,10.043255000000014
Batch 3,1,1063.0,1.0676866939999998,0.00078454566416209,-1.2204248424842236e-05,-0.0022538000000000835,1.2204248424842236e-05,5.3,4.0,-1.2999999999999998,4.7936687394007915,2.6459930581483384,2.1751162748165798,5.306538636363635,5.3C(54%)-4C-newstructure,0.014986396479999999,False,34.83064985952504,37.98597183780659,10.04138999999994,10.040883333333234
Batch 3,2,1267.0,1.062052784,0.000767987680183171,-1.8553947794782538e-05,-0.0006131000000000331,1.8553947794782538e-05,5.6,4.6,-1.0,4.803729603729602,2.7712415688060257,2.2143731405637066,5.636295,5.6C(19%)-4.6C-newstructure,0.014621522139999999,False,36.78314566494338,40.51615446500352,10.043666483333297,10.043985000000005
Batch 3,3,1115.0,1.064629226,0.0006519290295110248,-1.0865450945095464e-05,-0.0013210000000001276,1.0865450945095464e-05,5.6,4.3,-1.2999999999999998,4.8015952143569285,2.7365272593153454,2.2301947120737524,5.61770009090909,5.6C(36%)-4.3C-newstructure,0.014999449849999999,False,36.08627496168611,39.44593354194349,10.041506500000025,10.042306666666748
Batch 3,4,1048.0,1.074509803,0.0005606343947140251,-3.416277827774978e-06,-0.0021175000000002164,3.416277827774978e-06,5.6,4.6,-1.0,4.803729603729602,2.641272662058172,2.213728459846106,5.603041181818181,5.6C(19%)-4.6C-newstructure,0.015130787929999999,False,32.116221938163385,32.98179311458605,10.04558156666669,10.045601666666578
Batch 3,5,828.0,1.053126149,0.0007147824783898459,-1.370389858985598e-05,-0.0017935999999998398,1.370389858985598e-05,5.6,4.3,-1.2999999999999998,4.8015952143569285,2.7067074033881062,2.2452136433988157,5.611894818181818,5.6C(36%)-4.3C-newstructure,0.015184480370000001,False,35.55673795797331,39.68760790232446,10.042033966666736,10.042009999999815
Batch 3,6,667.0,1.053842363,0.005846192212801527,-0.00020129592619261044,0.018244800000000172,0.00020129592619261044,3.7,5.9,2.2,4.795167490389896,2.612484710716044,2.099618175359249,5.931604545454546,3.7C(31%)-5.9C-newstructure,0.013728524289999997,False,34.106830623582404,36.9848547328634,10.080800200000038,10.062503333333249
Batch 3,7,1836.0,1.070140345,0.0007304149319414596,-8.463786378618645e-08,-0.002004900000000198,8.463786378618645e-08,4.8,4.8,0.0,4.8,2.3476717904038193,1.8692159099376053,4.370002727272727,4.8C(80%)-4.8C-newstructure,0.01542963463,False,32.796573540122225,34.274365488315254,11.040715933333365,11.038311666666656
Batch 3,8,828.0,1.067962636,0.0007974633129232866,-6.291857185775888e-07,-0.003365400000000074,6.291857185775888e-07,5.0,4.0,-1.0,4.804804804804805,2.5319305257242615,2.1060126684431184,5.005011090909091,5C(67%)-4C-newstructure,0.015255639590000002,False,33.054603185105975,35.07631520700576,10.043265533333383,10.044031666666706
Batch 3,9,1039.0,1.072814416,0.0007420405376658326,3.316146414642196e-06,-0.004077300000000061,-3.316146414642196e-06,5.3,4.0,-1.2999999999999998,4.7936687394007915,2.5468775224068034,2.1786172277886524,5.306510909090909,5.3C(54%)-4C-newstructure,0.015799972080000002,False,33.087905551872936,35.094569899072255,10.041160733333347,10.042139999999927
Batch 3,10,1078.0,1.0643435529999998,0.0006987887962096324,-7.091407140683198e-07,-0.0015160000000000728,7.091407140683198e-07,4.8,4.8,0.0,4.8,2.391925657426071,1.8636917898797734,4.367963636363636,4.8C(80%)-4.8C-newstructure,0.015374726730000003,False,32.534149378796045,34.79030485135325,11.039600116666675,11.038979999999961
Batch 3,11,817.0,1.069802646,0.000773608719700063,-1.5670276627662075e-05,-0.000974699999999995,1.5670276627662075e-05,5.6,4.6,-1.0,4.803729603729602,2.60234589085342,2.217679222367065,5.609983999999999,5.6C(19%)-4.6C-newstructure,0.01552572104,False,34.2024404879238,37.60510592572477,10.042450400000046,10.041500000000088
Batch 3,12,932.0,1.076303704,0.0005934234812211618,-4.599332733274451e-06,-0.002366499999999938,4.599332733274451e-06,5.6,4.3,-1.2999999999999998,4.8015952143569285,2.621091436502806,2.226246520744731,5.604969363636363,5.6C(36%)-4.3C-newstructure,0.01604917654,False,33.219414908227094,35.53857274944269,10.042451699999965,10.042833333333208
Batch 3,13,816.0,1.0686685349999998,0.0009193411989439657,-9.144208220820939e-06,-0.0031020999999999965,9.144208220820939e-06,5.6,4.6,-1.0,4.803729603729602,2.6168658032410352,2.215403486413243,5.609973545454546,5.6C(19%)-4.6C-newstructure,0.01512986131,False,34.11454602993669,37.22804076197745,10.042356366666645,10.041723333333357
Batch 3,14,858.0,1.0769619220000002,0.0009381089817997413,7.699434743477165e-06,-0.00476450000000006,-7.699434743477165e-06,5.6,4.3,-1.2999999999999998,4.8015952143569285,2.5816603254503154,2.229184389974837,5.607403818181818,5.6C(36%)-4.3C-newstructure,0.015553500930000002,False,33.1189634917196,35.485201171755136,10.041865466666687,10.041861666666712
Batch 3,15,876.0,1.07051888,0.0006987989154559661,-9.567125112510338e-06,-0.0015969000000000122,9.567125112510338e-06,5.9,4.6,-1.3000000000000007,4.798232044198895,2.664530016571318,2.277355438478959,5.910498909090909,5.9C(15%)-4.6C-newstructure,0.015307385779999998,False,33.50890495011492,36.80312790291116,10.04163998333339,10.041775000000053
Batch 3,16,1638.0,1.063479291,0.0007637041313370172,-7.647130513050325e-06,-0.0020055000000001044,7.647130513050325e-06,4.8,4.8,0.0,4.8,2.450653830900259,1.861528828635948,4.366846909090909,4.8C(80%)-4.8C-newstructure,0.015312616069999998,False,34.940582146689,37.831863057962785,11.040743116666663,11.041563333333276
Batch 3,17,1315.0,1.06703041,0.0013952882873254093,-4.626375037500305e-06,-0.0011503999999999959,4.626375037500305e-06,5.3,4.0,-1.2999999999999998,4.7936687394007915,2.6951099943410894,2.168902374379155,5.311483909090908,5.3C(54%)-4C-newstructure,0.015444837509999998,False,35.0701249907806,37.399668947689364,10.042114583333325,10.041936666666636
Batch 3,18,1146.0,1.068854892,0.0009522239721129974,-2.7572690069006203e-05,0.00046570000000012435,2.7572690069006203e-05,5.6,4.6,-1.0,4.803729603729602,2.703269688725002,2.2147239777474828,5.607074363636364,5.6C(19%)-4.6C-newstructure,0.01501670906,False,35.2895491601317,37.9685961949252,10.043120649999981,10.043563333333442
Batch 3,19,1155.0,1.072699883,0.0009511302826409019,-2.756528232823607e-05,-0.00022880000000014,2.756528232823607e-05,5.6,4.3,-1.2999999999999998,4.8015952143569285,2.6750088643156116,2.2322666130398043,5.608146,5.6C(36%)-4.3C-newstructure,0.015464905509999998,False,35.096922678438716,37.874381938922404,10.04319876666662,10.043511666666745
Batch 3,20,813.0,1.067413169,0.000663070633941026,-4.759657365730774e-06,-0.0026630999999999183,4.759657365730774e-06,5.0,4.0,-1.0,4.804804804804805,2.5390724620575944,2.1072829472535077,5.011055727272726,5C(67%)-4C-newstructure,0.0152651037,False,33.10117160343903,35.73575315343805,10.043364750000022,10.043496666666519
Batch 3,21,772.0,1.0620371939999997,0.004612570311392487,-0.00015825951875187065,0.01404699999999992,0.00015825951875187065,3.7,5.9,2.2,4.795167490389896,2.6711454684372278,2.114448170619312,5.9109254545454535,3.7C(31%)-5.9C-newstructure,0.014091463680000001,False,34.89763562513402,37.91789788915317,10.07912276666667,10.06839333333337
Batch 3,22,1002.0,1.0581246559999997,0.0007339927314092588,-1.3715797179715059e-05,-0.0017764000000000113,1.3715797179715059e-05,5.9,3.1,-2.8000000000000003,4.813157894736842,2.7835243810248524,2.3985942365982496,5.908910545454544,5.9C(60%)-3.1C-newstructure,0.01568802504,False,34.60869711791826,37.530657648574746,10.042560166666604,10.043543333333462
Batch 3,24,825.0,1.050388327,0.0009017918662705425,1.2505387938794613e-05,-0.00493089999999996,-1.2505387938794613e-05,5.0,4.0,-1.0,4.804804804804805,2.615478557271422,2.113033577376734,5.008985363636364,5C(67%)-4C-newstructure,0.01555621234,False,34.68692543774402,37.23479966727514,10.041844149999976,10.042596666666457
Batch 3,25,989.0,1.064775079,0.0008437993317020318,9.56177197719534e-06,-0.0042864000000000235,-9.56177197719534e-06,5.3,4.0,-1.2999999999999998,4.7936687394007915,2.631098023582401,2.1729885766060133,5.303909999999999,5.3C(54%)-4C-newstructure,0.015643412000000002,False,35.58083474119666,38.88370920104618,10.042412550000016,10.042336666666719
Batch 3,26,1028.0,1.075070867,0.0007352192162686596,2.0450819081967206e-06,-0.003465700000000016,-2.0450819081967206e-06,5.6,4.6,-1.0,4.803729603729602,2.640360131844299,2.20616308016235,5.60722,5.6C(19%)-4.6C-newstructure,0.015594801479999998,False,35.744145079440855,39.138684508189556,10.04228274999997,10.041480000000108
Batch 3,27,850.0,1.063664561,0.0007818364330597573,-1.2718469846989055e-06,-0.003498500000000071,1.2718469846989055e-06,5.6,4.3,-1.2999999999999998,4.8015952143569285,2.686546867351572,2.226643496462626,5.602691,5.6C(36%)-4.3C-newstructure,0.01492139064,False,35.30704053711157,38.443267394830116,10.04501170000002,10.045239999999952
Batch 3,28,541.0,1.044589539,0.005718589740219916,-0.00019615125892588793,0.017264600000000074,0.00019615125892588793,3.7,5.9,2.2,4.795167490389896,2.53832014404972,2.0919481068879224,5.910523181818181,3.7C(31%)-5.9C-newstructure,0.01341840246,False,35.69503585363536,39.55881069772407,10.088379333333394,10.060030000000067
Batch 3,29,858.0,1.0704472710000001,0.000962367701026373,7.104940294029647e-06,-0.004434500000000119,-7.104940294029647e-06,5.9,4.6,-1.3000000000000007,4.798232044198895,2.6519884012569306,2.281897523994234,5.906531636363636,5.9C(15%)-4.6C-newstructure,0.01482580993,False,31.262770102233162,31.681289998175462,10.041969533333301,10.041243333333357
Batch 3,30,935.0,1.071663629,0.000704562597070634,-8.020468046711214e-07,-0.0035351000000001243,8.020468046711214e-07,5.3,4.0,-1.2999999999999998,4.7936687394007915,2.6048663796628757,2.1647971540306146,5.305754909090909,5.3C(54%)-4C-newstructure,0.015574562060000002,False,32.242770445878016,33.955655894480245,10.04344528333331,10.043756666666741
Batch 3,31,731.0,1.070766659,0.0007243807220821439,-6.77013681368011e-06,-0.0023180999999998786,6.77013681368011e-06,5.9,3.1,-2.8000000000000003,4.813157894736842,2.6765133232378044,2.381510033502595,5.902810545454544,5.9C(60%)-3.1C-newstructure,0.01587661182,False,33.99934624579011,36.77289772500682,10.04570423333328,10.046051666666608
Batch 3,33,1284.0,1.0621317549999998,0.0006587168442387377,-1.058695769576837e-05,-0.001504600000000078,1.058695769576837e-05,5.0,4.0,-1.0,4.804804804804805,2.6378838946348906,2.1133177221480364,5.017554545454545,5C(67%)-4C-newstructure,0.015343473930000002,False,33.10620851106884,34.28531457281655,10.043266033333353,10.043514999999994
Batch 3,34,1158.0,1.06321586,0.0008442479243550266,-1.873824302429169e-05,-0.0013186000000000586,1.873824302429169e-05,5.3,4.0,-1.2999999999999998,4.7936687394007915,2.677599433520057,2.183366394306535,5.304170090909091,5.3C(54%)-4C-newstructure,0.01530397606,False,35.77751733452584,38.986137122300555,10.043544616666672,10.044100000000132
Batch 3,35,1093.0,1.064480499,0.0007108903719337274,-1.7831580558054714e-05,-0.0006177999999998907,1.7831580558054714e-05,5.6,4.6,-1.0,4.803729603729602,2.718766224488232,2.220953105038194,5.609037181818182,5.6C(19%)-4.6C-newstructure,0.015375660359999998,False,35.53070785023565,38.53573773732641,10.04359398333331,10.04340000000011
Batch 3,36,923.0,1.0593433760000002,0.0008728669517044315,-2.013880468046539e-05,-0.0003906000000000187,2.013880468046539e-05,5.6,4.3,-1.2999999999999998,4.8015952143569285,2.72586957271465,2.244395246640291,5.607209636363636,5.6C(36%)-4.3C-newstructure,0.01513591896,False,35.87707905775121,39.385265734517226,10.043492250000025,10.04363333333337
Batch 3,37,1390.0,1.049437267,0.0018968216036761927,-1.6914785478524072e-06,0.0005425000000001123,1.6914785478524072e-06,4.8,4.8,0.0,4.8,1.8753728306336668,1.846613351705605,4.3776459999999995,4.8C(80%)-4.8C-newstructure,0.014718332760000001,False,35.01566783438418,37.821866391239226,11.038440433333296,11.038840000000103
Batch 3,38,1935.0,1.0719545209999999,0.0005377218907360753,-6.8495115511496244e-06,-0.0019097999999999615,6.8495115511496244e-06,5.0,4.0,-1.0,4.804804804804805,2.6182365914790537,2.1076328997215414,5.004536,5C(67%)-4C-newstructure,0.01583763829,False,34.743831508087126,37.73701176388907,10.043712449999965,10.04362666666663
Batch 3,39,1156.0,1.050541451,0.0008788248672931023,-3.9164386438591675e-06,-0.0030807000000001583,3.9164386438591675e-06,5.3,4.0,-1.2999999999999998,4.7936687394007915,2.742098606034584,2.185322064317962,5.306628818181817,5.3C(54%)-4C-newstructure,0.015564932220000001,False,33.88624079961266,36.07485440375697,10.043103450000004,10.044048333333194
Batch 3,40,796.0,1.062950962,0.0009449537959716434,-4.58688268826116e-06,-0.003600600000000176,4.58688268826116e-06,5.6,4.6,-1.0,4.803729603729602,2.6256441238250154,2.223905119759114,5.606665181818181,5.6C(19%)-4.6C-newstructure,0.01539237993,False,34.05078155019701,37.52384046715492,10.043767949999994,10.043659999999848
Batch 3,41,786.0,1.0543223270000002,0.0008579445558897308,1.252137233724635e-05,-0.004960599999999982,-1.252137233724635e-05,5.6,4.3,-1.2999999999999998,4.8015952143569285,2.7332208208497355,2.2224451798881995,5.60634609090909,5.6C(36%)-4.3C-newstructure,0.01830944555,False,33.639374640057895,36.627600886306475,10.043166433333276,10.043064999999963
Batch 3,42,1642.0,1.069482281,0.0006050430126950603,4.018626462652609e-06,-0.003251799999999916,-4.018626462652609e-06,4.8,4.8,0.0,4.8,2.380084290601631,1.8620845252120335,4.390889909090909,4.8C(80%)-4.8C-newstructure,0.016134806780000004,False,33.02954632330684,35.567796863982466,11.038488366666636,11.03883999999986
Batch 3,43,1046.0,1.0728472510000002,0.000597972364061091,5.159178517857489e-06,-0.0032516999999998575,-5.159178517857489e-06,5.0,4.0,-1.0,4.804804804804805,2.693593776756627,2.119068062170964,5.064194454545454,5C(67%)-4C-newstructure,0.0158306738,False,33.891919511346536,36.95027454276166,10.043647099999939,10.043551666666705
Batch 3,44,940.0,1.073270589,0.0008308499862037311,7.330688868883244e-06,-0.004291099999999881,-7.330688868883244e-06,5.3,4.0,-1.2999999999999998,4.7936687394007915,2.5894906565118077,2.169616597391108,5.305175818181818,5.3C(54%)-4C-newstructure,0.015574222660000001,False,33.350873108759004,36.33391749012359,10.043223416666626,10.043701666666554
Batch 3,45,1801.0,1.071439217,0.0005292018442242096,1.4605010501077015e-06,-0.002323300000000028,-1.4605010501077015e-06,4.8,4.8,0.0,4.8,2.3780918948790246,1.868118545383641,4.369919545454545,4.8C(80%)-4.8C-newstructure,0.015620286640000001,False,32.724855320443154,34.68002467582143,11.03858153333335,11.037379999999878
