구분,MAPE(%),비고
Train (Batch 1 CV),10.514594676763386,5-fold GroupKFold(충전 프로토콜) 평균
Valid (Batch 1 Hold-out),8.12204798443287,프로토콜 단위 Hold-out 8셀
Test (Batch 2),28.955204339691115,최종 평가
Gap (Train-Valid),-2.392546692330516,(+) : 과적합 의심
Gap (Valid-Test),20.833156355258247,(+) : 배치간 일반화 저하 의심
Gap (Target-Test),19.855204339691113,Target : 원논문 9.1%
Test (Batch 3),20.954630011455176,추가 검증 (44셀)
Gap (Batch2-Batch3),8.000574328235938,Test 성능 간 비교
Gap (Target-Test),11.854630011455177,"Batch 3 기준, 원논문 성능 비교"
