split_seed,final_valid_mape,final_batch2_mape,final_batch3_mape,final_cv_mape,single_split_choice
0,6.014536770955654,29.43805903058377,19.871563729193735,12.90043059056841,HistGradientBoosting (DAY1 전략 세트(10))
1,8.020371091303767,23.783179129012282,17.75287253802228,8.238550611781708,HistGradientBoosting (DAY1 전략 세트(10))
2,5.811622098206978,27.171790959864346,20.20073542926815,12.603497060802962,Random Forest (전체 세트(18))
3,13.17555413078776,29.525043040231054,19.114299207165022,7.353097301520236,HistGradientBoosting (전체 세트(18))
4,8.324267708498603,22.193129730343045,18.08484446956404,10.080548413036269,Random Forest (DAY1 전략 세트(10))
5,7.539242381864258,28.79795902095635,17.744471753901742,11.614465760025956,Ridge (전체 세트(18))
6,10.833267405736196,34.806633720899924,20.290256678479064,9.852733444452246,Random Forest (DAY1 전략 세트(10))
7,8.764713405664388,29.99878268615854,18.519253689399566,12.256296534274371,Random Forest (DAY1 전략 세트(10))
8,13.766649674903075,40.04297317816122,21.778342685911074,12.446363976447367,Ridge (전체 세트(18))
9,11.521667766979718,38.00231931273782,18.71875758215022,9.257103592472784,Ridge (DAY1 전략 세트(10))
10,14.338111867799647,37.73490380698073,17.880072352488064,9.270851522106904,HistGradientBoosting (DAY1 전략 세트(10))
11,12.5748171420598,25.274198660064943,17.76866777098319,9.95088161602032,HistGradientBoosting (DAY1 전략 세트(10))
12,11.212037035283718,43.14237774984207,19.087778108890845,7.310569881196076,HistGradientBoosting (DAY1 전략 세트(10))
13,8.46464079960294,30.972408946839135,19.247858895431207,12.111562073510935,HistGradientBoosting (DAY1 전략 세트(10))
14,6.0823346843572645,30.08058136204114,19.79665654340014,11.01832664518558,HistGradientBoosting (DAY1 전략 세트(10))
15,11.334433445987926,31.375055977992055,19.01683024156826,11.768145357325192,Ridge (전체 세트(18))
16,5.53342607550504,26.039520044471885,18.634438747816958,11.621711641352306,Ridge (전체 세트(18))
17,10.636872797442308,26.73765486461082,18.62397333501871,10.401740723219675,Random Forest (DAY1 전략 세트(10))
18,9.14210088721996,26.200263774813486,19.675136206730787,10.439642643246872,Ridge (전체 세트(18))
19,9.581422720505284,39.135689257826876,19.295999511692887,11.153052005943964,HistGradientBoosting (DAY1 전략 세트(10))
