feature,mape_increase_pctp,std
log_delta_var,8.190468849418732,4.149039284574677
QD_std_100,0.7792196743869106,0.6582052820862124
avg_charging_speed_to_80_C,0.5382981715047532,0.9814078119058112
QD_mean_100,0.4761496516766614,1.0083387496279115
second_C,0.305914784608038,0.7423890552650724
QD_fade_100,0.27802272748262546,0.5937539480474199
Tavg_mean_100,0.10066437087072842,0.2748855476481804
C_rate_change,-0.005040561993018598,0.07725698138718455
first_C,-0.08807366320086345,0.5262134741896908
IR_mean_100,-0.5134795778102793,0.5919761294141347
